case_id,par,relacion,detectada,anotada,razon,proposicion_a,proposicion_b
CASE-MX-001,CASE-MX-001-P1 <-> CASE-MX-001-P2,COMPATIBLE_WITH,False,False,"Ambas ocurren en el mismo caso, pero en momentos distintos y hablan de cosas distintas.",La víctima salió de su domicilio para encontrarse con la persona acusada.,La persona acusada ingresó a la habitación del hotel.
CASE-MX-001,CASE-MX-001-P1 <-> CASE-MX-001-P3,SUPPORTS,False,False,La víctima salió de su domicilio para encontrarse con la persona acusada es evidencia de que la persona acusada estaba en el lugar donde se produjo el hecho.,La víctima salió de su domicilio para encontrarse con la persona acusada.,La persona acusada asfixió a la víctima.
CASE-MX-001,CASE-MX-001-P1 <-> CASE-MX-001-P4,SUPPORTS,False,False,"La madre de la víctima denunció la desaparición de la víctima, lo cual hace más creíble la afirmación de que la víctima salió de su domicilio para encontrarse con la persona acusada.",La víctima salió de su domicilio para encontrarse con la persona acusada.,La madre de la víctima denunció la desaparición de la víctima.
CASE-MX-001,CASE-MX-001-P1 <-> CASE-MX-001-P5,SUPPORTS,False,False,La confesión de la persona acusada hace más creíble la versión de la víctima sobre su encuentro con ella.,La víctima salió de su domicilio para encontrarse con la persona acusada.,La persona acusada confesó ante la policía su participación en el homicidio.
CASE-MX-001,CASE-MX-001-P1 <-> CASE-MX-001-P6,SUPPORTS,False,False,"La confesión policial de la persona acusada, que no contó con asistencia de defensa, es prueba de que la víctima salió de su domicilio para encontrarse con la persona acusada.",La víctima salió de su domicilio para encontrarse con la persona acusada.,La persona acusada no contó con asistencia de defensa durante la confesión policial ante una persona defensora.
CASE-MX-001,CASE-MX-001-P1 <-> CASE-MX-001-P7,SUPPORTS,False,False,"La víctima salió de su domicilio para encontrarse con la persona acusada, lo cual es una prueba de que la persona acusada alegó actos de tortura.",La víctima salió de su domicilio para encontrarse con la persona acusada.,La persona acusada alegó actos de tortura.
CASE-MX-001,CASE-MX-001-P1 <-> CASE-MX-001-P8,SUPPORTS,False,False,"La víctima salió de su domicilio para encontrarse con la persona acusada, lo cual puede hacer más creíble la negativa del tribunal a otorgar el amparo.",La víctima salió de su domicilio para encontrarse con la persona acusada.,El tribunal negó el amparo.
CASE-MX-001,CASE-MX-001-P2 <-> CASE-MX-001-P3,SUPPORTS,False,False,La persona acusada asfixió a la víctima es evidencia de que la persona acusada ingresó a la habitación del hotel.,La persona acusada ingresó a la habitación del hotel.,La persona acusada asfixió a la víctima.
CASE-MX-001,CASE-MX-001-P2 <-> CASE-MX-001-P4,COMPATIBLE_WITH,False,False,"Ambas son hechos que ocurren en el mismo caso, pero en momentos distintos y hablan de cosas distintas.",La persona acusada ingresó a la habitación del hotel.,La madre de la víctima denunció la desaparición de la víctima.
CASE-MX-001,CASE-MX-001-P2 <-> CASE-MX-001-P5,SUPPORTS,False,False,La confesión de la persona acusada ante la policía es evidencia de que ingresó a la habitación del hotel.,La persona acusada ingresó a la habitación del hotel.,La persona acusada confesó ante la policía su participación en el homicidio.
CASE-MX-001,CASE-MX-001-P2 <-> CASE-MX-001-P6,SUPPORTS,False,False,La confesión policial es una prueba que respalda la afirmación de que la persona acusada ingresó a la habitación del hotel.,La persona acusada ingresó a la habitación del hotel.,La persona acusada no contó con asistencia de defensa durante la confesión policial ante una persona defensora.
CASE-MX-001,CASE-MX-001-P2 <-> CASE-MX-001-P7,SUPPORTS,False,False,"La persona acusada alegó actos de tortura, lo cual hace más creíble la afirmación de que ingresó a la habitación del hotel.",La persona acusada ingresó a la habitación del hotel.,La persona acusada alegó actos de tortura.
CASE-MX-001,CASE-MX-001-P2 <-> CASE-MX-001-P8,SUPPORTS,False,False,La negación del amparo por el tribunal hace más creíble la entrada de la persona acusada en la habitación del hotel.,La persona acusada ingresó a la habitación del hotel.,El tribunal negó el amparo.
CASE-MX-001,CASE-MX-001-P3 <-> CASE-MX-001-P4,COMPATIBLE_WITH,False,False,"Ambas son hechos del mismo caso, pero ocurren en momentos distintos y hablan de cosas distintas.",La persona acusada asfixió a la víctima.,La madre de la víctima denunció la desaparición de la víctima.
CASE-MX-001,CASE-MX-001-P3 <-> CASE-MX-001-P5,SUPPORTS,False,False,La confesión de la persona acusada es evidencia de su participación en el homicidio.,La persona acusada asfixió a la víctima.,La persona acusada confesó ante la policía su participación en el homicidio.
CASE-MX-001,CASE-MX-001-P3 <-> CASE-MX-001-P6,SUPPORTS,False,False,"La confesión policial de la persona acusada, documentada en P6, respalda la afirmación de P3, ya que la ausencia de asistencia de defensa durante la confesión policial es un hecho que hace más creíble la afirmación de asfixio de la víctima.",La persona acusada asfixió a la víctima.,La persona acusada no contó con asistencia de defensa durante la confesión policial ante una persona defensora.
CASE-MX-001,CASE-MX-001-P3 <-> CASE-MX-001-P7,SUPPORTS,False,True,"La defensa claim (B) alega actos de tortura, lo cual es evidencia de que la persona acusada asfixió a la víctima (A), ya que el acto de tortura es un medio que podría haberse utilizado para asfixiar a la víctima.",La persona acusada asfixió a la víctima.,La persona acusada alegó actos de tortura.
CASE-MX-001,CASE-MX-001-P3 <-> CASE-MX-001-P8,SUPPORTS,False,False,La sentencia del tribunal (B) respalda la acusación de asfixia (A).,La persona acusada asfixió a la víctima.,El tribunal negó el amparo.
CASE-MX-001,CASE-MX-001-P4 <-> CASE-MX-001-P5,SUPPORTS,False,False,La confesión de la persona acusada es prueba de la desaparición de la víctima.,La madre de la víctima denunció la desaparición de la víctima.,La persona acusada confesó ante la policía su participación en el homicidio.
CASE-MX-001,CASE-MX-001-P4 <-> CASE-MX-001-P6,SUPPORTS,False,False,"La confesión policial de la persona acusada se basa en su derecho a la asistencia de defensa, lo cual fue negado.",La madre de la víctima denunció la desaparición de la víctima.,La persona acusada no contó con asistencia de defensa durante la confesión policial ante una persona defensora.
CASE-MX-001,CASE-MX-001-P4 <-> CASE-MX-001-P7,SUPPORTS,False,False,La denuncia de la madre de la víctima es evidencia de los actos de tortura alegados por la persona acusada.,La madre de la víctima denunció la desaparición de la víctima.,La persona acusada alegó actos de tortura.
CASE-MX-001,CASE-MX-001-P4 <-> CASE-MX-001-P8,SUPPORTS,False,False,La denuncia de la madre de la víctima es una prueba de la negativa del tribunal al amparo.,La madre de la víctima denunció la desaparición de la víctima.,El tribunal negó el amparo.
CASE-MX-001,CASE-MX-001-P5 <-> CASE-MX-001-P6,SUPPORTS,False,True,La confesión de la persona acusada (A) hace más creíble la afirmación de que no contó con asistencia de defensa durante la confesión policial (B).,La persona acusada confesó ante la policía su participación en el homicidio.,La persona acusada no contó con asistencia de defensa durante la confesión policial ante una persona defensora.
CASE-MX-001,CASE-MX-001-P5 <-> CASE-MX-001-P7,CONTRADICTS,True,False,La confesión (A) contradice la alegación de tortura (B).,La persona acusada confesó ante la policía su participación en el homicidio.,La persona acusada alegó actos de tortura.
CASE-MX-001,CASE-MX-001-P5 <-> CASE-MX-001-P8,SUPPORTS,False,False,La confesión de la persona acusada (A) hace más creíble la negativa del tribunal de amparo (B).,La persona acusada confesó ante la policía su participación en el homicidio.,El tribunal negó el amparo.
CASE-MX-001,CASE-MX-001-P6 <-> CASE-MX-001-P7,SUPPORTS,False,False,La confesión policial (A) es prueba de los actos de tortura (B) alegados por la defensa.,La persona acusada no contó con asistencia de defensa durante la confesión policial ante una persona defensora.,La persona acusada alegó actos de tortura.
CASE-MX-001,CASE-MX-001-P6 <-> CASE-MX-001-P8,SUPPORTS,False,False,La falta de asistencia de defensa durante la confesión policial (A) hace más creíble la negativa del tribunal al amparo (B).,La persona acusada no contó con asistencia de defensa durante la confesión policial ante una persona defensora.,El tribunal negó el amparo.
CASE-MX-001,CASE-MX-001-P7 <-> CASE-MX-001-P8,SUPPORTS,False,False,"La defensa afirmó actos de tortura, pero el tribunal negó el amparo, lo que hace más creíble la primera afirmación.",La persona acusada alegó actos de tortura.,El tribunal negó el amparo.
CASE-MX-002,CASE-MX-002-P1 <-> CASE-MX-002-P2,SUPPORTS,False,False,"La persona que disparó es identificada como la víctima en la segunda proposición, lo que hace más creíble la primera.",La víctima llegó a el bar.,La persona que disparó disparó contra la víctima.
CASE-MX-002,CASE-MX-002-P1 <-> CASE-MX-002-P3,COMPATIBLE_WITH,False,False,"Ambas ocurren en el mismo caso, pero en momentos distintos y hablan de cosas distintas.",La víctima llegó a el bar.,El testigo de referencia rindió una declaración ante el Ministerio Público.
CASE-MX-002,CASE-MX-002-P1 <-> CASE-MX-002-P4,COMPATIBLE_WITH,False,False,"Ambas ocurren en el mismo caso, pero en momentos distintos.",La víctima llegó a el bar.,El testigo de referencia no compareció personalmente en el juicio.
CASE-MX-002,CASE-MX-002-P1 <-> CASE-MX-002-P5,INSUFFICIENT_FOR,False,False,La prueba principal no es evidencia de que la víctima llegó al bar.,La víctima llegó a el bar.,El tribunal utilizó como prueba principal p3.
CASE-MX-002,CASE-MX-002-P1 <-> CASE-MX-002-P6,COMPATIBLE_WITH,False,False,"Ambas se refieren a eventos distintos en el mismo caso, sin contradicción aparente.",La víctima llegó a el bar.,La persona acusada cuestionó immediacy and contradiction.
CASE-MX-002,CASE-MX-002-P1 <-> CASE-MX-002-P7,SUPPORTS,False,False,La negación del amparo por el tribunal hace más creíble la llegada de la víctima al bar.,La víctima llegó a el bar.,El tribunal negó el amparo.
CASE-MX-002,CASE-MX-002-P2 <-> CASE-MX-002-P3,COMPATIBLE_WITH,False,False,"Ambas son hechos del mismo caso, pero no se relacionan directamente, ya que una es una narrativa judicial y la otra es un hecho procedimental.",La persona que disparó disparó contra la víctima.,El testigo de referencia rindió una declaración ante el Ministerio Público.
CASE-MX-002,CASE-MX-002-P2 <-> CASE-MX-002-P4,COMPATIBLE_WITH,False,False,"Ambas son hechos del mismo caso, pero no se relacionan directamente ni contradicen entre sí.",La persona que disparó disparó contra la víctima.,El testigo de referencia no compareció personalmente en el juicio.
CASE-MX-002,CASE-MX-002-P2 <-> CASE-MX-002-P5,SUPPORTS,False,False,La proposición A hace más creíble a la proposición B al indicar que la persona que disparó fue la misma que utilizó como prueba principal p3.,La persona que disparó disparó contra la víctima.,El tribunal utilizó como prueba principal p3.
CASE-MX-002,CASE-MX-002-P2 <-> CASE-MX-002-P6,SUPPORTS,False,False,"La persona acusada cuestionó la inmediacia y contradicción de la acción del disparo, lo que hace más creíble la versión de que la persona disparó contra la víctima.",La persona que disparó disparó contra la víctima.,La persona acusada cuestionó immediacy and contradiction.
CASE-MX-002,CASE-MX-002-P2 <-> CASE-MX-002-P7,SUPPORTS,False,False,La negación del amparo por el tribunal hace más creíble la responsabilidad del disparo.,La persona que disparó disparó contra la víctima.,El tribunal negó el amparo.
CASE-MX-002,CASE-MX-002-P3 <-> CASE-MX-002-P4,SUPPORTS,False,True,La declaración del testigo es probante de que no compareció en el juicio.,El testigo de referencia rindió una declaración ante el Ministerio Público.,El testigo de referencia no compareció personalmente en el juicio.
CASE-MX-002,CASE-MX-002-P3 <-> CASE-MX-002-P5,SUPPORTS,False,False,La declaración del testigo es la prueba que respalda la decisión del tribunal.,El testigo de referencia rindió una declaración ante el Ministerio Público.,El tribunal utilizó como prueba principal p3.
CASE-MX-002,CASE-MX-002-P3 <-> CASE-MX-002-P6,COMPATIBLE_WITH,False,False,"La declaración del testigo no contradice ni respalda la cuestión de la acusada, sino que son hechos distintos que pueden coexistir en el mismo caso.",El testigo de referencia rindió una declaración ante el Ministerio Público.,La persona acusada cuestionó immediacy and contradiction.
CASE-MX-002,CASE-MX-002-P3 <-> CASE-MX-002-P7,SUPPORTS,False,False,La declaración del testigo es prueba de la negativa del tribunal al amparo.,El testigo de referencia rindió una declaración ante el Ministerio Público.,El tribunal negó el amparo.
CASE-MX-002,CASE-MX-002-P4 <-> CASE-MX-002-P5,COMPATIBLE_WITH,False,False,A describe una circunstancia que puede explicar la elección de B como prueba principal.,El testigo de referencia no compareció personalmente en el juicio.,El tribunal utilizó como prueba principal p3.
CASE-MX-002,CASE-MX-002-P4 <-> CASE-MX-002-P6,COMPATIBLE_WITH,False,False,"La ausencia del testigo no cuestiona la acusación, sino que es una circunstancia que puede afectar la credibilidad de la prueba.",El testigo de referencia no compareció personalmente en el juicio.,La persona acusada cuestionó immediacy and contradiction.
CASE-MX-002,CASE-MX-002-P4 <-> CASE-MX-002-P7,SUPPORTS,False,False,La ausencia del testigo es relevante para la decisión del tribunal.,El testigo de referencia no compareció personalmente en el juicio.,El tribunal negó el amparo.
CASE-MX-002,CASE-MX-002-P5 <-> CASE-MX-002-P6,SUPPORTS,False,True,"La persona acusada cuestionó la prueba principal utilizada por el tribunal, lo que hace más creíble la afirmación del tribunal sobre la prueba principal.",El tribunal utilizó como prueba principal p3.,La persona acusada cuestionó immediacy and contradiction.
CASE-MX-002,CASE-MX-002-P5 <-> CASE-MX-002-P7,SUPPORTS,False,False,La decisión del tribunal (B) respalda la elección de la prueba principal (A).,El tribunal utilizó como prueba principal p3.,El tribunal negó el amparo.
CASE-MX-002,CASE-MX-002-P6 <-> CASE-MX-002-P7,SUPPORTS,False,False,"La defensa cuestionó la inmediacia y contradicción, pero el tribunal negó el amparo, lo que hace más creíble la primera afirmación.",La persona acusada cuestionó immediacy and contradiction.,El tribunal negó el amparo.
CASE-MX-003,CASE-MX-003-P1 <-> CASE-MX-003-P2,SUPPORTS,False,False,"La primera hace más creíble a la segunda, ya que la víctima fue asesinada y luego enterrada en el inmueble.",La víctima fue privada de la vida en el homicidio.,La víctima fue enterrada en el inmueble.
CASE-MX-003,CASE-MX-003-P1 <-> CASE-MX-003-P3,SUPPORTS,False,False,La condena de la persona acusada hace más creíble la afirmación de que la víctima fue privada de la vida en el homicidio.,La víctima fue privada de la vida en el homicidio.,La persona acusada fue condenada por el homicidio doloso calificado.
CASE-MX-003,CASE-MX-003-P1 <-> CASE-MX-003-P4,SUPPORTS,False,False,La condena de la segunda persona acusada es prueba de que la víctima fue privada de la vida en el homicidio.,La víctima fue privada de la vida en el homicidio.,La segunda persona acusada fue condenada por el homicidio doloso calificado.
CASE-MX-003,CASE-MX-003-P1 <-> CASE-MX-003-P5,SUPPORTS,False,False,La ausencia de testigos presenciales hace más creíble la afirmación de que la víctima fue privada de la vida en el homicidio.,La víctima fue privada de la vida en el homicidio.,El caso no contó con testigos presenciales.
CASE-MX-003,CASE-MX-003-P1 <-> CASE-MX-003-P6,SUPPORTS,False,False,La falta de una videograbación cuestiona la credibilidad de la narrativa del homicidio.,La víctima fue privada de la vida en el homicidio.,El caso no contó con una videograbación.
CASE-MX-003,CASE-MX-003-P1 <-> CASE-MX-003-P7,SUPPORTS,False,False,La evidencia pericial mencionada en B hace más creíble la afirmación de privación de vida en el homicidio de la víctima en A.,La víctima fue privada de la vida en el homicidio.,La evidencia pericial fue relevante para el análisis de responsabilidad.
CASE-MX-003,CASE-MX-003-P1 <-> CASE-MX-003-P8,SUPPORTS,False,False,"La decisión del tribunal (B) respalda la narrativa del caso (A), ya que el tribunal desechó el recurso de revisión, lo que sugiere que la narrativa de la víctima (A) es creíble y no fue desafiada por el tribunal.",La víctima fue privada de la vida en el homicidio.,El tribunal desechó el recurso de revisión.
CASE-MX-003,CASE-MX-003-P2 <-> CASE-MX-003-P3,SUPPORTS,False,False,La condena de la persona acusada es prueba de que la víctima fue asesinada.,La víctima fue enterrada en el inmueble.,La persona acusada fue condenada por el homicidio doloso calificado.
CASE-MX-003,CASE-MX-003-P2 <-> CASE-MX-003-P4,SUPPORTS,False,False,La condena de la segunda persona acusada hace más creíble la afirmación de que la víctima fue enterrada en el inmueble.,La víctima fue enterrada en el inmueble.,La segunda persona acusada fue condenada por el homicidio doloso calificado.
CASE-MX-003,CASE-MX-003-P2 <-> CASE-MX-003-P5,SUPPORTS,False,False,La ausencia de testigos presenciales hace más creíble la afirmación de que la víctima fue enterrada en el inmueble.,La víctima fue enterrada en el inmueble.,El caso no contó con testigos presenciales.
CASE-MX-003,CASE-MX-003-P2 <-> CASE-MX-003-P6,SUPPORTS,False,False,"La primera hace más creíble a la segunda, ya que si la víctima fue enterrada en el inmueble, es más probable que se hubiera grabado su entierro.",La víctima fue enterrada en el inmueble.,El caso no contó con una videograbación.
CASE-MX-003,CASE-MX-003-P2 <-> CASE-MX-003-P7,COMPATIBLE_WITH,False,False,"Ambas referencias se refieren a el mismo caso, pero una es una narrativa del evento y la otra es una síntesis de la investigación.",La víctima fue enterrada en el inmueble.,La evidencia pericial fue relevante para el análisis de responsabilidad.
CASE-MX-003,CASE-MX-003-P2 <-> CASE-MX-003-P8,SUPPORTS,False,False,La decisión del tribunal (B) respalda la narrativa de la víctima (A).,La víctima fue enterrada en el inmueble.,El tribunal desechó el recurso de revisión.
CASE-MX-003,CASE-MX-003-P3 <-> CASE-MX-003-P4,CONTRADICTS,True,False,Ambas afirmaciones son contradictorias porque se refieren a dos personas acusadas diferentes en el mismo caso.,La persona acusada fue condenada por el homicidio doloso calificado.,La segunda persona acusada fue condenada por el homicidio doloso calificado.
CASE-MX-003,CASE-MX-003-P3 <-> CASE-MX-003-P5,SUPPORTS,False,True,La condena del homicidio doloso calificado se respalda con la falta de testigos presenciales.,La persona acusada fue condenada por el homicidio doloso calificado.,El caso no contó con testigos presenciales.
CASE-MX-003,CASE-MX-003-P3 <-> CASE-MX-003-P6,SUPPORTS,False,False,"La condena del homicidio doloso calificado se respalda con la falta de una videograbación, que es una prueba que debía haberse presentado en el caso.",La persona acusada fue condenada por el homicidio doloso calificado.,El caso no contó con una videograbación.
CASE-MX-003,CASE-MX-003-P3 <-> CASE-MX-003-P7,SUPPORTS,False,False,La condena del homicidio doloso calificado se basa en la evidencia pericial relevante para el análisis de responsabilidad.,La persona acusada fue condenada por el homicidio doloso calificado.,La evidencia pericial fue relevante para el análisis de responsabilidad.
CASE-MX-003,CASE-MX-003-P3 <-> CASE-MX-003-P8,SUPPORTS,False,False,La condena del homicidio doloso calificado es el resultado del recurso de revisión desechado.,La persona acusada fue condenada por el homicidio doloso calificado.,El tribunal desechó el recurso de revisión.
CASE-MX-003,CASE-MX-003-P4 <-> CASE-MX-003-P5,SUPPORTS,False,False,"La segunda persona acusada fue condenada por el homicidio doloso calificado, lo cual hace más creíble la afirmación de que el caso no contó con testigos presenciales.",La segunda persona acusada fue condenada por el homicidio doloso calificado.,El caso no contó con testigos presenciales.
CASE-MX-003,CASE-MX-003-P4 <-> CASE-MX-003-P6,SUPPORTS,False,False,"La segunda persona acusada fue condenada por el homicidio doloso calificado, lo cual hace más creíble la afirmación de que el caso no contó con una videograbación.",La segunda persona acusada fue condenada por el homicidio doloso calificado.,El caso no contó con una videograbación.
CASE-MX-003,CASE-MX-003-P4 <-> CASE-MX-003-P7,SUPPORTS,False,False,La condena de la segunda persona acusada (A) es evidencia de la relevancia de la evidencia pericial (B) para el análisis de responsabilidad.,La segunda persona acusada fue condenada por el homicidio doloso calificado.,La evidencia pericial fue relevante para el análisis de responsabilidad.
CASE-MX-003,CASE-MX-003-P4 <-> CASE-MX-003-P8,SUPPORTS,False,False,La condena de la segunda persona es consecuencia del recurso de revisión desechado.,La segunda persona acusada fue condenada por el homicidio doloso calificado.,El tribunal desechó el recurso de revisión.
CASE-MX-003,CASE-MX-003-P5 <-> CASE-MX-003-P6,COMPATIBLE_WITH,False,False,Ambas afirmaciones se refieren a la ausencia de pruebas presenciales en el caso.,El caso no contó con testigos presenciales.,El caso no contó con una videograbación.
CASE-MX-003,CASE-MX-003-P5 <-> CASE-MX-003-P7,COMPATIBLE_WITH,False,False,La ausencia de testigos presenciales no contradice la relevancia de la evidencia pericial en el análisis de responsabilidad.,El caso no contó con testigos presenciales.,La evidencia pericial fue relevante para el análisis de responsabilidad.
CASE-MX-003,CASE-MX-003-P5 <-> CASE-MX-003-P8,SUPPORTS,False,False,La ausencia de testigos presenciales respalda la decisión del tribunal de desecher el recurso de revisión.,El caso no contó con testigos presenciales.,El tribunal desechó el recurso de revisión.
CASE-MX-003,CASE-MX-003-P6 <-> CASE-MX-003-P7,INSUFFICIENT_FOR,False,True,La falta de una videograbación no hace más creíble la relevancia de la evidencia pericial.,El caso no contó con una videograbación.,La evidencia pericial fue relevante para el análisis de responsabilidad.
CASE-MX-003,CASE-MX-003-P6 <-> CASE-MX-003-P8,SUPPORTS,False,False,La negación de la videograbación (A) hace más creíble la decisión del tribunal (B).,El caso no contó con una videograbación.,El tribunal desechó el recurso de revisión.
CASE-MX-003,CASE-MX-003-P7 <-> CASE-MX-003-P8,SUPPORTS,False,False,"La evidencia pericial fue relevante para el análisis de responsabilidad, lo que hace más creíble la decisión del tribunal de desechar el recurso de revisión.",La evidencia pericial fue relevante para el análisis de responsabilidad.,El tribunal desechó el recurso de revisión.
CASE-MX-004,CASE-MX-004-P1 <-> CASE-MX-004-P2,SUPPORTS,False,False,La víctima salió del bar acompañada por el adolescente acusado es evidencia de que la víctima fue privada de la vida en el feminicidio.,La víctima salió del bar acompañada por el adolescente acusado.,La víctima fue privada de la vida en el feminicidio.
CASE-MX-004,CASE-MX-004-P1 <-> CASE-MX-004-P3,SUPPORTS,False,False,La víctima salió del bar acompañada por el adolescente acusado es evidencia de que la víctima tuvo el cuerpo expuesto en un lugar público.,La víctima salió del bar acompañada por el adolescente acusado.,La víctima tuvo el cuerpo expuesto en un lugar público.
CASE-MX-004,CASE-MX-004-P1 <-> CASE-MX-004-P4,COMPATIBLE_WITH,False,False,"Ambas ocurren en el mismo caso, pero en momentos distintos y hablan de cosas distintas.",La víctima salió del bar acompañada por el adolescente acusado.,La persona denunciante anónima aportó información para la investigación.
CASE-MX-004,CASE-MX-004-P1 <-> CASE-MX-004-P5,COMPATIBLE_WITH,False,False,"Ambas ocurren en el mismo caso y no se contradicen, sino que pueden proporcionar información adicional sobre el mismo evento.",La víctima salió del bar acompañada por el adolescente acusado.,El equipo pericial realizó análisis criminalísticos y digitales.
CASE-MX-004,CASE-MX-004-P1 <-> CASE-MX-004-P6,SUPPORTS,False,False,"La proposición B es evidencia de la proposición A, ya que establece que el adolescente causó personalmente todas las lesiones a la víctima, lo cual se menciona en la proposición A.",La víctima salió del bar acompañada por el adolescente acusado.,El adolescente acusado causó personalmente todas las lesiones a la víctima [estado: not_required_for_coauthorship].
CASE-MX-004,CASE-MX-004-P1 <-> CASE-MX-004-P7,SUPPORTS,False,False,"La proposición A hace más creíble a la proposición B al indicar que la víctima salió del bar acompañada por el adolescente acusado, lo que sugiere una relación de proximidad y posibilidad de que el adolescente haya participado en el feminicidio.",La víctima salió del bar acompañada por el adolescente acusado.,El adolescente acusado contribuyó a el feminicidio.
CASE-MX-004,CASE-MX-004-P1 <-> CASE-MX-004-P8,SUPPORTS,False,False,"La primera es parte de la narrativa de la investigación, mientras que la segunda es el resultado de esa investigación.",La víctima salió del bar acompañada por el adolescente acusado.,El tribunal negó el amparo.
CASE-MX-004,CASE-MX-004-P2 <-> CASE-MX-004-P3,COMPATIBLE_WITH,False,False,"Ambas afirmaciones se refieren a aspectos distintos del mismo caso, pero no contradicen entre sí.",La víctima fue privada de la vida en el feminicidio.,La víctima tuvo el cuerpo expuesto en un lugar público.
CASE-MX-004,CASE-MX-004-P2 <-> CASE-MX-004-P4,COMPATIBLE_WITH,False,True,"Ambas son hechos del mismo caso, pero no se relacionan directamente, ya que la víctima fue privada de la vida en el feminicidio y la persona denunciante aportó información para la investigación, que puede ser relevante para la investigación pero no necesariamente para la condena del caso.",La víctima fue privada de la vida en el feminicidio.,La persona denunciante anónima aportó información para la investigación.
CASE-MX-004,CASE-MX-004-P2 <-> CASE-MX-004-P5,SUPPORTS,False,False,"La experte evidence B es prueba de la víctima privada de la vida en el feminicidio, según la judicially_proven_fact A.",La víctima fue privada de la vida en el feminicidio.,El equipo pericial realizó análisis criminalísticos y digitales.
CASE-MX-004,CASE-MX-004-P2 <-> CASE-MX-004-P6,SUPPORTS,False,False,"La proposición B es una prueba de la proposición A, ya que el adolescente causó personalmente todas las lesiones a la víctima, lo que respalda la afirmación de que la víctima fue privada de la vida en el feminicidio.",La víctima fue privada de la vida en el feminicidio.,El adolescente acusado causó personalmente todas las lesiones a la víctima [estado: not_required_for_coauthorship].
CASE-MX-004,CASE-MX-004-P2 <-> CASE-MX-004-P7,SUPPORTS,False,False,"La proposición B hace más creíble a la proposición A, ya que el hecho de que el adolescente acusado contribuyó al feminicidio es una explicación más detallada y específica de la víctima que fue privada de la vida.",La víctima fue privada de la vida en el feminicidio.,El adolescente acusado contribuyó a el feminicidio.
CASE-MX-004,CASE-MX-004-P2 <-> CASE-MX-004-P8,SUPPORTS,False,False,La sentencia del tribunal (B) respalda la conclusión del feminicidio (A).,La víctima fue privada de la vida en el feminicidio.,El tribunal negó el amparo.
CASE-MX-004,CASE-MX-004-P3 <-> CASE-MX-004-P4,COMPATIBLE_WITH,False,False,"Ambas ocurren en el mismo caso, pero en momentos distintos.",La víctima tuvo el cuerpo expuesto en un lugar público.,La persona denunciante anónima aportó información para la investigación.
CASE-MX-004,CASE-MX-004-P3 <-> CASE-MX-004-P5,SUPPORTS,False,False,"La experte evidence B es prueba de la víctima A, ya que el equipo pericial realizó análisis criminalísticos y digitales que respaldan la existencia del cuerpo expuesto en un lugar público.",La víctima tuvo el cuerpo expuesto en un lugar público.,El equipo pericial realizó análisis criminalísticos y digitales.
CASE-MX-004,CASE-MX-004-P3 <-> CASE-MX-004-P6,SUPPORTS,False,False,"La proposición B es evidencia de la proposición A, ya que el hecho de que el adolescente causó personalmente todas las lesiones a la víctima se basa en el hecho de que la víctima tuvo el cuerpo expuesto en un lugar público.",La víctima tuvo el cuerpo expuesto en un lugar público.,El adolescente acusado causó personalmente todas las lesiones a la víctima [estado: not_required_for_coauthorship].
CASE-MX-004,CASE-MX-004-P3 <-> CASE-MX-004-P7,SUPPORTS,False,False,La víctima tuvo el cuerpo expuesto en un lugar público es evidencia de que el adolescente acusado contribuyó al feminicidio.,La víctima tuvo el cuerpo expuesto en un lugar público.,El adolescente acusado contribuyó a el feminicidio.
CASE-MX-004,CASE-MX-004-P3 <-> CASE-MX-004-P8,SUPPORTS,False,False,La negación del amparo por el tribunal hace más creíble la víctima tuvo el cuerpo expuesto en un lugar público.,La víctima tuvo el cuerpo expuesto en un lugar público.,El tribunal negó el amparo.
CASE-MX-004,CASE-MX-004-P4 <-> CASE-MX-004-P5,COMPATIBLE_WITH,False,False,"Ambas se refieren a la investigación del caso, pero no se relacionan directamente entre sí.",La persona denunciante anónima aportó información para la investigación.,El equipo pericial realizó análisis criminalísticos y digitales.
CASE-MX-004,CASE-MX-004-P4 <-> CASE-MX-004-P6,COMPATIBLE_WITH,False,False,"Ambas referencias a un caso de investigación y acusación, pero no se relacionan directamente ni contradicen entre sí.",La persona denunciante anónima aportó información para la investigación.,El adolescente acusado causó personalmente todas las lesiones a la víctima [estado: not_required_for_coauthorship].
CASE-MX-004,CASE-MX-004-P4 <-> CASE-MX-004-P7,SUPPORTS,False,False,La información del testigo denunciante respalda la conclusión del tribunal sobre la participación del adolescente en el feminicidio.,La persona denunciante anónima aportó información para la investigación.,El adolescente acusado contribuyó a el feminicidio.
CASE-MX-004,CASE-MX-004-P4 <-> CASE-MX-004-P8,SUPPORTS,False,False,La información del testigo denunciante respalda la decisión del tribunal.,La persona denunciante anónima aportó información para la investigación.,El tribunal negó el amparo.
CASE-MX-004,CASE-MX-004-P5 <-> CASE-MX-004-P6,SUPPORTS,False,False,"La proposición A es evidencia de la proposición B, ya que el equipo pericial realizó análisis criminalísticos y digitales que respaldan la afirmación del adolescente acusado causó personalmente todas las lesiones a la víctima.",El equipo pericial realizó análisis criminalísticos y digitales.,El adolescente acusado causó personalmente todas las lesiones a la víctima [estado: not_required_for_coauthorship].
CASE-MX-004,CASE-MX-004-P5 <-> CASE-MX-004-P7,SUPPORTS,False,False,La experticia criminalística respalda la conclusión del juicio sobre la participación del adolescente en el feminicidio.,El equipo pericial realizó análisis criminalísticos y digitales.,El adolescente acusado contribuyó a el feminicidio.
CASE-MX-004,CASE-MX-004-P5 <-> CASE-MX-004-P8,SUPPORTS,False,False,La experticia de A respalda la decisión del tribunal en B.,El equipo pericial realizó análisis criminalísticos y digitales.,El tribunal negó el amparo.
CASE-MX-004,CASE-MX-004-P6 <-> CASE-MX-004-P7,SUPPORTS,False,True,"La proposición B hace más creíble a la proposición A, ya que si el adolescente contribuyó al feminicidio, es probable que haya causado personalmente todas las lesiones a la víctima.",El adolescente acusado causó personalmente todas las lesiones a la víctima [estado: not_required_for_coauthorship].,El adolescente acusado contribuyó a el feminicidio.
CASE-MX-004,CASE-MX-004-P6 <-> CASE-MX-004-P8,SUPPORTS,False,False,"La proposición B es una consecuencia directa de la proposición A, ya que si el tribunal negó el amparo, es probable que el adolescente acusado haya causado las lesiones a la víctima.",El adolescente acusado causó personalmente todas las lesiones a la víctima [estado: not_required_for_coauthorship].,El tribunal negó el amparo.
CASE-MX-004,CASE-MX-004-P7 <-> CASE-MX-004-P8,SUPPORTS,False,False,La decisión del tribunal (B) respalda la acusación (A) de que el adolescente contribuyó al feminicidio.,El adolescente acusado contribuyó a el feminicidio.,El tribunal negó el amparo.
CASE-MX-005,CASE-MX-005-P1 <-> CASE-MX-005-P2,SUPPORTS,False,False,La persona acusada se encontraba en el vehículo hace más creíble que pronunció la frase 'es el acabado matalo'.,La persona acusada se encontraba en el vehículo.,La persona acusada pronunció la frase es el acabalo matalo.
CASE-MX-005,CASE-MX-005-P1 <-> CASE-MX-005-P3,SUPPORTS,False,False,La presencia de la persona acusada en el vehículo hace más creíble la versión del presunto autor material sobre el disparo.,La persona acusada se encontraba en el vehículo.,El presunto autor material disparó contra la víctima.
CASE-MX-005,CASE-MX-005-P1 <-> CASE-MX-005-P4,COMPATIBLE_WITH,False,True,"Ambas afirmaciones pueden coexistir sin problema, ya que se refieren a momentos distintos en el tiempo y a diferentes aspectos de la persona acusada.",La persona acusada se encontraba en el vehículo.,La persona acusada se encontraba durmiendo en el domicilio.
CASE-MX-005,CASE-MX-005-P1 <-> CASE-MX-005-P5,SUPPORTS,False,False,"La proposición A hace más creíble a la proposición B al indicar que la persona acusada negó la accusation, lo cual es más creíble si se sabe que se encontraba en el vehículo.",La persona acusada se encontraba en el vehículo.,La persona acusada negó accusation.
CASE-MX-005,CASE-MX-005-P1 <-> CASE-MX-005-P6,SUPPORTS,False,False,La condena del tribunal hace más creíble la presencia de la persona acusada en el vehículo.,La persona acusada se encontraba en el vehículo.,El tribunal de primera instancia condenó a la persona acusada.
CASE-MX-005,CASE-MX-005-P1 <-> CASE-MX-005-P7,SUPPORTS,False,False,La revocación de la resolución por parte de la suprema corte hace más creíble la acusación de que la persona se encontraba en el vehículo.,La persona acusada se encontraba en el vehículo.,La suprema corte revocó la resolución y devolvió el asunto.
CASE-MX-005,CASE-MX-005-P2 <-> CASE-MX-005-P3,SUPPORTS,False,False,La frase pronunciada por la persona acusada es una prueba de que disparó contra la víctima.,La persona acusada pronunció la frase es el acabalo matalo.,El presunto autor material disparó contra la víctima.
CASE-MX-005,CASE-MX-005-P2 <-> CASE-MX-005-P4,INSUFFICIENT_FOR,False,False,"La primera no puede ser evidencia de la segunda, ya que no hay indicio de que la persona acusada estuviera durmiendo en el momento en que pronunció la frase.",La persona acusada pronunció la frase es el acabalo matalo.,La persona acusada se encontraba durmiendo en el domicilio.
CASE-MX-005,CASE-MX-005-P2 <-> CASE-MX-005-P5,SUPPORTS,False,True,"La defensa negó la acusación, lo que hace más creíble la afirmación de la acusación de que la persona acusada pronunció la frase.",La persona acusada pronunció la frase es el acabalo matalo.,La persona acusada negó accusation.
CASE-MX-005,CASE-MX-005-P2 <-> CASE-MX-005-P6,SUPPORTS,False,False,La frase pronunciada por la persona acusada es la que motivó la condena del tribunal.,La persona acusada pronunció la frase es el acabalo matalo.,El tribunal de primera instancia condenó a la persona acusada.
CASE-MX-005,CASE-MX-005-P2 <-> CASE-MX-005-P7,SUPPORTS,False,False,"La suprema corte revocó la resolución y devolvió el asunto, lo que respalda la afirmación de que la persona acusada pronunció la frase 'el acabalo matalo', ya que la revocación sugiere que la corte consideró la prueba como relevante.",La persona acusada pronunció la frase es el acabalo matalo.,La suprema corte revocó la resolución y devolvió el asunto.
CASE-MX-005,CASE-MX-005-P3 <-> CASE-MX-005-P4,INSUFFICIENT_FOR,False,False,No hay elementos para determinar la relación.,El presunto autor material disparó contra la víctima.,La persona acusada se encontraba durmiendo en el domicilio.
CASE-MX-005,CASE-MX-005-P3 <-> CASE-MX-005-P5,SUPPORTS,False,False,La negación de la acusación (B) hace más creíble la versión del presunto autor material (A).,El presunto autor material disparó contra la víctima.,La persona acusada negó accusation.
CASE-MX-005,CASE-MX-005-P3 <-> CASE-MX-005-P6,SUPPORTS,False,False,La condena del tribunal hace más creíble la acusación del presunto autor material.,El presunto autor material disparó contra la víctima.,El tribunal de primera instancia condenó a la persona acusada.
CASE-MX-005,CASE-MX-005-P3 <-> CASE-MX-005-P7,SUPPORTS,False,False,La revocación de la resolución por parte de la suprema corte hace más creíble la acusación del presunto autor material.,El presunto autor material disparó contra la víctima.,La suprema corte revocó la resolución y devolvió el asunto.
CASE-MX-005,CASE-MX-005-P4 <-> CASE-MX-005-P5,SUPPORTS,False,False,La negación de la acusación hace más creíble la afirmación de que la persona acusada se encontraba durmiendo en el domicilio.,La persona acusada se encontraba durmiendo en el domicilio.,La persona acusada negó accusation.
CASE-MX-005,CASE-MX-005-P4 <-> CASE-MX-005-P6,SUPPORTS,False,False,La condena del tribunal hace más creíble la acusación de que la persona acusada se encontraba durmiendo en el domicilio.,La persona acusada se encontraba durmiendo en el domicilio.,El tribunal de primera instancia condenó a la persona acusada.
CASE-MX-005,CASE-MX-005-P4 <-> CASE-MX-005-P7,SUPPORTS,False,False,La revocación de la resolución por parte de la suprema corte hace más creíble la afirmación de que la persona acusada se encontraba durmiendo en el domicilio.,La persona acusada se encontraba durmiendo en el domicilio.,La suprema corte revocó la resolución y devolvió el asunto.
CASE-MX-005,CASE-MX-005-P5 <-> CASE-MX-005-P6,SUPPORTS,False,False,La negación de la acusación (A) hace más creíble la condena del tribunal (B).,La persona acusada negó accusation.,El tribunal de primera instancia condenó a la persona acusada.
CASE-MX-005,CASE-MX-005-P5 <-> CASE-MX-005-P7,SUPPORTS,False,False,"La revocación de la resolución por parte de la suprema corte hace más creíble la negación de la persona acusada, ya que si la corte no confía en la resolución original, es probable que la acusación no sea justa.",La persona acusada negó accusation.,La suprema corte revocó la resolución y devolvió el asunto.
CASE-MX-005,CASE-MX-005-P6 <-> CASE-MX-005-P7,SUPPORTS,False,False,"La suprema corte revocó la resolución y devolvió el asunto, lo que hace más creíble la condena del tribunal de primera instancia.",El tribunal de primera instancia condenó a la persona acusada.,La suprema corte revocó la resolución y devolvió el asunto.
CASE-MX-006,CASE-MX-006-P1 <-> CASE-MX-006-P2,SUPPORTS,False,True,La segunda declaración del testigo hace más creíble la primera.,El testigo implicó en su primera declaración a la persona acusada.,El testigo dio una declaración posterior sustancialmente distinta de su primera declaración.
CASE-MX-006,CASE-MX-006-P1 <-> CASE-MX-006-P3,CONTRADICTS,True,False,La primera declaración del testigo y su posterior retraction son tensión entre versiones.,El testigo implicó en su primera declaración a la persona acusada.,El testigo se retractó de su primera declaración.
CASE-MX-006,CASE-MX-006-P1 <-> CASE-MX-006-P4,SUPPORTS,False,False,La declaración del testigo hace más creíble la decisión del tribunal.,El testigo implicó en su primera declaración a la persona acusada.,El tribunal de primera instancia absolvió a la persona acusada.
CASE-MX-006,CASE-MX-006-P1 <-> CASE-MX-006-P5,SUPPORTS,False,False,La condena del tribunal respalda la implicación del testigo en la persona acusada.,El testigo implicó en su primera declaración a la persona acusada.,El tribunal de apelación condenó a la persona acusada.
CASE-MX-006,CASE-MX-006-P1 <-> CASE-MX-006-P6,SUPPORTS,False,False,La revocación de la resolución por parte de la suprema corte hace más creíble la implicación del testigo en su declaración inicial.,El testigo implicó en su primera declaración a la persona acusada.,La suprema corte revocó la resolución y devolvió el asunto.
CASE-MX-006,CASE-MX-006-P1 <-> CASE-MX-006-P7,SUPPORTS,False,False,La responsabilidad penal demostrada hace más creíble la implicación del testigo en su declaración.,El testigo implicó en su primera declaración a la persona acusada.,La responsabilidad penal quedó demostrada más allá de toda duda razonable respecto de la persona acusada [estado: disputed].
CASE-MX-006,CASE-MX-006-P2 <-> CASE-MX-006-P3,SUPPORTS,False,False,La retractación del testigo hace más creíble su posterior declaración.,El testigo dio una declaración posterior sustancialmente distinta de su primera declaración.,El testigo se retractó de su primera declaración.
CASE-MX-006,CASE-MX-006-P2 <-> CASE-MX-006-P4,SUPPORTS,False,False,La declaración posterior del testigo contradice la decisión del tribunal.,El testigo dio una declaración posterior sustancialmente distinta de su primera declaración.,El tribunal de primera instancia absolvió a la persona acusada.
CASE-MX-006,CASE-MX-006-P2 <-> CASE-MX-006-P5,SUPPORTS,False,False,La declaración posterior del testigo hace más creíble la condena del tribunal.,El testigo dio una declaración posterior sustancialmente distinta de su primera declaración.,El tribunal de apelación condenó a la persona acusada.
CASE-MX-006,CASE-MX-006-P2 <-> CASE-MX-006-P6,SUPPORTS,False,False,La revocación de la resolución por parte de la suprema corte hace más creíble la posterior declaración distinta del testigo.,El testigo dio una declaración posterior sustancialmente distinta de su primera declaración.,La suprema corte revocó la resolución y devolvió el asunto.
CASE-MX-006,CASE-MX-006-P2 <-> CASE-MX-006-P7,SUPPORTS,False,False,La declaración posterior del testigo (A) hace más creíble la responsabilidad penal demostrada (B).,El testigo dio una declaración posterior sustancialmente distinta de su primera declaración.,La responsabilidad penal quedó demostrada más allá de toda duda razonable respecto de la persona acusada [estado: disputed].
CASE-MX-006,CASE-MX-006-P3 <-> CASE-MX-006-P4,SUPPORTS,False,False,La retraction del testigo hace más creíble la decisión del tribunal.,El testigo se retractó de su primera declaración.,El tribunal de primera instancia absolvió a la persona acusada.
CASE-MX-006,CASE-MX-006-P3 <-> CASE-MX-006-P5,SUPPORTS,False,False,La retractación del testigo hace más creíble la condena del tribunal.,El testigo se retractó de su primera declaración.,El tribunal de apelación condenó a la persona acusada.
CASE-MX-006,CASE-MX-006-P3 <-> CASE-MX-006-P6,SUPPORTS,False,False,La revocación de la suprema corte hace más creíble la retraction del testigo.,El testigo se retractó de su primera declaración.,La suprema corte revocó la resolución y devolvió el asunto.
CASE-MX-006,CASE-MX-006-P3 <-> CASE-MX-006-P7,SUPPORTS,False,False,La retraction del testigo hace más creíble la responsabilidad penal demostrada.,El testigo se retractó de su primera declaración.,La responsabilidad penal quedó demostrada más allá de toda duda razonable respecto de la persona acusada [estado: disputed].
CASE-MX-006,CASE-MX-006-P4 <-> CASE-MX-006-P5,CONTRADICTS,True,True,"El tribunal de primera instancia absolvió a la persona acusada, mientras que el tribunal de apelación la condenó, lo que indica una contradicción entre los resultados de los dos tribunales.",El tribunal de primera instancia absolvió a la persona acusada.,El tribunal de apelación condenó a la persona acusada.
CASE-MX-006,CASE-MX-006-P4 <-> CASE-MX-006-P6,SUPPORTS,False,False,"La suprema corte revocó la resolución y devolvió el asunto, lo que respalda la absolución del tribunal de primera instancia.",El tribunal de primera instancia absolvió a la persona acusada.,La suprema corte revocó la resolución y devolvió el asunto.
CASE-MX-006,CASE-MX-006-P4 <-> CASE-MX-006-P7,SUPPORTS,False,False,La responsabilidad penal demostrada (B) hace más creíble la absolución del tribunal (A).,El tribunal de primera instancia absolvió a la persona acusada.,La responsabilidad penal quedó demostrada más allá de toda duda razonable respecto de la persona acusada [estado: disputed].
CASE-MX-006,CASE-MX-006-P5 <-> CASE-MX-006-P6,SUPPORTS,False,True,"La suprema corte revocó la resolución y devolvió el asunto, lo que respalda la condena del tribunal de apelación.",El tribunal de apelación condenó a la persona acusada.,La suprema corte revocó la resolución y devolvió el asunto.
CASE-MX-006,CASE-MX-006-P5 <-> CASE-MX-006-P7,SUPPORTS,False,False,La condena del tribunal de apelación respalda la responsabilidad penal demostrada más allá de toda duda razonable.,El tribunal de apelación condenó a la persona acusada.,La responsabilidad penal quedó demostrada más allá de toda duda razonable respecto de la persona acusada [estado: disputed].
CASE-MX-006,CASE-MX-006-P6 <-> CASE-MX-006-P7,SUPPORTS,False,False,La decisión de la suprema corte (A) respalda la responsabilidad penal demostrada (B).,La suprema corte revocó la resolución y devolvió el asunto.,La responsabilidad penal quedó demostrada más allá de toda duda razonable respecto de la persona acusada [estado: disputed].
CASE-MX-007,CASE-MX-007-P1 <-> CASE-MX-007-P2,CONTRADICTS,True,False,"A niega la participación de la mujer acusada en el delito, mientras B la acusa de ser una de las víctimas.",La mujer acusada condujo la camioneta.,Los coacusados privó de la libertad a las víctimas.
CASE-MX-007,CASE-MX-007-P1 <-> CASE-MX-007-P3,COMPATIBLE_WITH,False,True,"Ambas son hechos del mismo caso, pero no se relacionan directamente ni se contradicen, simplemente ocurren en momentos distintos.",La mujer acusada condujo la camioneta.,El primer coacusado disparó contra las víctimas.
CASE-MX-007,CASE-MX-007-P1 <-> CASE-MX-007-P4,INSUFFICIENT_FOR,False,False,No hay elementos para determinar la relación.,La mujer acusada condujo la camioneta.,Los coacusados utilizó las tarjetas de débito.
CASE-MX-007,CASE-MX-007-P1 <-> CASE-MX-007-P5,SUPPORTS,False,False,La identificación de la mujer acusada por los coacusados hace más creíble la acusación de que condujo la camioneta.,La mujer acusada condujo la camioneta.,Los coacusados identificó a la mujer acusada.
CASE-MX-007,CASE-MX-007-P1 <-> CASE-MX-007-P6,SUPPORTS,False,False,"La policía encontró a la mujer acusada en posesión de las tarjetas, lo que hace más creíble la acusación de que condujo la camioneta.",La mujer acusada condujo la camioneta.,La policía encontró a la mujer acusada en posesión de las tarjetas.
CASE-MX-007,CASE-MX-007-P1 <-> CASE-MX-007-P7,SUPPORTS,False,False,La detención legal de la mujer acusada respalda la acusación de conducción de la camioneta.,La mujer acusada condujo la camioneta.,La detención fue legal respecto de la mujer acusada [estado: unknown].
CASE-MX-007,CASE-MX-007-P1 <-> CASE-MX-007-P8,SUPPORTS,False,False,"La suprema corte ordenó revisar la legalidad de la detención, lo que hace más creíble la acusación de que la mujer condujo la camioneta.",La mujer acusada condujo la camioneta.,La suprema corte ordenó revisar la legalidad de la detención.
CASE-MX-007,CASE-MX-007-P2 <-> CASE-MX-007-P3,CONTRADICTS,True,False,"A niega la acción del primer coacusado, mientras B la afirma.",Los coacusados privó de la libertad a las víctimas.,El primer coacusado disparó contra las víctimas.
CASE-MX-007,CASE-MX-007-P2 <-> CASE-MX-007-P4,INSUFFICIENT_FOR,False,False,"A niega la libertad de las víctimas, mientras B afirma que se les utilizó para algo, sin establecer qué.",Los coacusados privó de la libertad a las víctimas.,Los coacusados utilizó las tarjetas de débito.
CASE-MX-007,CASE-MX-007-P2 <-> CASE-MX-007-P5,SUPPORTS,False,False,La identificación de la mujer acusada es una prueba de que los coacusados privaron de la libertad a las víctimas.,Los coacusados privó de la libertad a las víctimas.,Los coacusados identificó a la mujer acusada.
CASE-MX-007,CASE-MX-007-P2 <-> CASE-MX-007-P6,SUPPORTS,False,False,"La policía encontró a la mujer acusada en posesión de las tarjetas, lo que respalda la acusación de que las víctimas fueron privadas de la libertad.",Los coacusados privó de la libertad a las víctimas.,La policía encontró a la mujer acusada en posesión de las tarjetas.
CASE-MX-007,CASE-MX-007-P2 <-> CASE-MX-007-P7,SUPPORTS,False,False,La detención legal de la mujer acusada respalda la privación de libertad de las víctimas.,Los coacusados privó de la libertad a las víctimas.,La detención fue legal respecto de la mujer acusada [estado: unknown].
CASE-MX-007,CASE-MX-007-P2 <-> CASE-MX-007-P8,SUPPORTS,False,False,"La suprema corte ordenó revisar la legalidad de la detención, lo que respalda la acusación de privación de libertad de las víctimas.",Los coacusados privó de la libertad a las víctimas.,La suprema corte ordenó revisar la legalidad de la detención.
CASE-MX-007,CASE-MX-007-P3 <-> CASE-MX-007-P4,INSUFFICIENT_FOR,False,False,"A no menciona el uso de tarjetas de débito, solo el disparo.",El primer coacusado disparó contra las víctimas.,Los coacusados utilizó las tarjetas de débito.
CASE-MX-007,CASE-MX-007-P3 <-> CASE-MX-007-P5,SUPPORTS,False,False,La identificación de la mujer acusada es una prueba que respalda la versión del coacusado que disparó contra las víctimas.,El primer coacusado disparó contra las víctimas.,Los coacusados identificó a la mujer acusada.
CASE-MX-007,CASE-MX-007-P3 <-> CASE-MX-007-P6,COMPATIBLE_WITH,False,False,"Ambas referencias son a hechos distintos del mismo caso, pero pueden coexistir sin problema.",El primer coacusado disparó contra las víctimas.,La policía encontró a la mujer acusada en posesión de las tarjetas.
CASE-MX-007,CASE-MX-007-P3 <-> CASE-MX-007-P7,COMPATIBLE_WITH,False,False,"Ambas referencias son a hechos distintos del mismo caso, sin contradicción ni relación de evidencia entre sí.",El primer coacusado disparó contra las víctimas.,La detención fue legal respecto de la mujer acusada [estado: unknown].
CASE-MX-007,CASE-MX-007-P3 <-> CASE-MX-007-P8,SUPPORTS,False,False,"La suprema corte ordenó revisar la legalidad de la detención, lo que hace más creíble la acusación de disparo contra las víctimas.",El primer coacusado disparó contra las víctimas.,La suprema corte ordenó revisar la legalidad de la detención.
CASE-MX-007,CASE-MX-007-P4 <-> CASE-MX-007-P5,SUPPORTS,False,False,La identificación de la mujer acusada es una prueba de que los coacusados utilizó las tarjetas de débito.,Los coacusados utilizó las tarjetas de débito.,Los coacusados identificó a la mujer acusada.
CASE-MX-007,CASE-MX-007-P4 <-> CASE-MX-007-P6,SUPPORTS,False,False,"La policía encontró a la mujer acusada en posesión de las tarjetas, lo que confirma la acusación de que los coacusados utilizó las tarjetas de débito.",Los coacusados utilizó las tarjetas de débito.,La policía encontró a la mujer acusada en posesión de las tarjetas.
CASE-MX-007,CASE-MX-007-P4 <-> CASE-MX-007-P7,COMPATIBLE_WITH,False,False,"Ambas se refieren a la misma investigación o caso, pero con diferentes modalidades y enfoques.",Los coacusados utilizó las tarjetas de débito.,La detención fue legal respecto de la mujer acusada [estado: unknown].
CASE-MX-007,CASE-MX-007-P4 <-> CASE-MX-007-P8,SUPPORTS,False,False,"La suprema corte ordenó revisar la legalidad de la detención, lo que hace más creíble que los coacusados utilizaron las tarjetas de débito.",Los coacusados utilizó las tarjetas de débito.,La suprema corte ordenó revisar la legalidad de la detención.
CASE-MX-007,CASE-MX-007-P5 <-> CASE-MX-007-P6,SUPPORTS,False,False,"La policía encontró a la mujer acusada en posesión de las tarjetas, lo que respalda la identificación de la mujer acusada por los coacusados.",Los coacusados identificó a la mujer acusada.,La policía encontró a la mujer acusada en posesión de las tarjetas.
CASE-MX-007,CASE-MX-007-P5 <-> CASE-MX-007-P7,SUPPORTS,False,False,La identificación de la mujer acusada por los coacusados hace más creíble la legalidad de su detención.,Los coacusados identificó a la mujer acusada.,La detención fue legal respecto de la mujer acusada [estado: unknown].
CASE-MX-007,CASE-MX-007-P5 <-> CASE-MX-007-P8,SUPPORTS,False,False,La identificación de la mujer acusada por los coacusados es evidencia de la legalidad de la detención ordenada por la suprema corte.,Los coacusados identificó a la mujer acusada.,La suprema corte ordenó revisar la legalidad de la detención.
CASE-MX-007,CASE-MX-007-P6 <-> CASE-MX-007-P7,SUPPORTS,False,True,"La policía encontró a la mujer acusada en posesión de las tarjetas, lo que respalda la legalidad de su detención.",La policía encontró a la mujer acusada en posesión de las tarjetas.,La detención fue legal respecto de la mujer acusada [estado: unknown].
CASE-MX-007,CASE-MX-007-P6 <-> CASE-MX-007-P8,SUPPORTS,False,False,"La policía encontró a la mujer acusada en posesión de las tarjetas, lo que respalda la decisión de la suprema corte de ordenar revisar la legalidad de la detención.",La policía encontró a la mujer acusada en posesión de las tarjetas.,La suprema corte ordenó revisar la legalidad de la detención.
CASE-MX-007,CASE-MX-007-P7 <-> CASE-MX-007-P8,SUPPORTS,False,False,"La suprema corte ordenó revisar la legalidad de la detención, lo que respalda la detención legal de la mujer acusada.",La detención fue legal respecto de la mujer acusada [estado: unknown].,La suprema corte ordenó revisar la legalidad de la detención.
CASE-MX-008,CASE-MX-008-P1 <-> CASE-MX-008-P2,SUPPORTS,False,False,"La proposición B hace más creíble a la proposición A, ya que si la persona acusada disparó contra el menor víctima, es probable que el menor víctima estuviera en un lugar donde podría ser alcanzado por el disparo.",El menor víctima se encontraba en home terrace.,La persona acusada disparó contra el menor víctima.
CASE-MX-008,CASE-MX-008-P1 <-> CASE-MX-008-P3,SUPPORTS,False,False,La segunda persona armada es identificada como el disparador del menor víctima.,El menor víctima se encontraba en home terrace.,La segunda persona armada disparó contra el menor víctima.
CASE-MX-008,CASE-MX-008-P1 <-> CASE-MX-008-P4,SUPPORTS,False,False,"El testigo identificó a la persona acusada, lo que hace más creíble la versión del menor víctima sobre la presencia de la persona acusada en el lugar del delito.",El menor víctima se encontraba en home terrace.,El testigo identificó a la persona acusada.
CASE-MX-008,CASE-MX-008-P1 <-> CASE-MX-008-P5,COMPATIBLE_WITH,False,False,"Ambas referencias son a la escena del crimen, pero con diferentes aspectos: la ubicación del menor víctima (A) y la identificación de la víctima (B).",El menor víctima se encontraba en home terrace.,La visibilidad fue suficiente para identificar en la escena [estado: disputed].
CASE-MX-008,CASE-MX-008-P1 <-> CASE-MX-008-P6,COMPATIBLE_WITH,False,False,"Ambas referencias son a hechos distintos del mismo caso, sin contradicción ni relación de evidencia entre sí.",El menor víctima se encontraba en home terrace.,Los peritos coincidieron sobre el calibre del arma [estado: disputed].
CASE-MX-008,CASE-MX-008-P1 <-> CASE-MX-008-P7,SUPPORTS,False,False,La convicción del tribunal se basa en la narrativa del menor víctima.,El menor víctima se encontraba en home terrace.,El tribunal dejó firme conviction.
CASE-MX-008,CASE-MX-008-P2 <-> CASE-MX-008-P3,SUPPORTS,False,False,"La segunda persona armada es la que disparó, lo que hace más creíble la acusación de la primera persona.",La persona acusada disparó contra el menor víctima.,La segunda persona armada disparó contra el menor víctima.
CASE-MX-008,CASE-MX-008-P2 <-> CASE-MX-008-P4,SUPPORTS,False,False,La identificación del acusado por el testigo hace más creíble la acusación de disparo contra el menor víctima.,La persona acusada disparó contra el menor víctima.,El testigo identificó a la persona acusada.
CASE-MX-008,CASE-MX-008-P2 <-> CASE-MX-008-P5,COMPATIBLE_WITH,False,False,"Ambas referencias son a hechos del mismo caso, pero con una diferencia en la modalidad: A se basa en una afirmación oficial, mientras que B se basa en un hecho cuestionado.",La persona acusada disparó contra el menor víctima.,La visibilidad fue suficiente para identificar en la escena [estado: disputed].
CASE-MX-008,CASE-MX-008-P2 <-> CASE-MX-008-P6,SUPPORTS,False,True,La proposición A hace más creíble a la proposición B al respaldar el hecho de que el calibre del arma es disputado.,La persona acusada disparó contra el menor víctima.,Los peritos coincidieron sobre el calibre del arma [estado: disputed].
CASE-MX-008,CASE-MX-008-P2 <-> CASE-MX-008-P7,SUPPORTS,False,False,La oficialidad de la sentencia (B) respalda la acusación (A).,La persona acusada disparó contra el menor víctima.,El tribunal dejó firme conviction.
CASE-MX-008,CASE-MX-008-P3 <-> CASE-MX-008-P4,SUPPORTS,False,False,"El testigo identificó a la persona acusada, lo que hace más creíble la acusación de que la segunda persona armada disparó contra el menor víctima.",La segunda persona armada disparó contra el menor víctima.,El testigo identificó a la persona acusada.
CASE-MX-008,CASE-MX-008-P3 <-> CASE-MX-008-P5,COMPATIBLE_WITH,False,False,Ambas referencias son a hechos distintos que pueden coexistir en el mismo caso.,La segunda persona armada disparó contra el menor víctima.,La visibilidad fue suficiente para identificar en la escena [estado: disputed].
CASE-MX-008,CASE-MX-008-P3 <-> CASE-MX-008-P6,SUPPORTS,False,False,"La proposición A hace más creíble a la proposición B al indicar que la segunda persona armada disparó contra el menor víctima, lo cual puede estar relacionado con el calibre del arma que los peritos coincidieron sobre el calibre del arma.",La segunda persona armada disparó contra el menor víctima.,Los peritos coincidieron sobre el calibre del arma [estado: disputed].
CASE-MX-008,CASE-MX-008-P3 <-> CASE-MX-008-P7,SUPPORTS,False,False,La segunda persona armada disparó contra el menor víctima es evidencia de que el tribunal dejó firme conviction.,La segunda persona armada disparó contra el menor víctima.,El tribunal dejó firme conviction.
CASE-MX-008,CASE-MX-008-P4 <-> CASE-MX-008-P5,COMPATIBLE_WITH,False,True,"A describe un hecho que ocurre en la escena, mientras B describe el proceso de identificación, pero no contradice ni respalda directamente a A.",El testigo identificó a la persona acusada.,La visibilidad fue suficiente para identificar en la escena [estado: disputed].
CASE-MX-008,CASE-MX-008-P4 <-> CASE-MX-008-P6,SUPPORTS,False,False,La identificación del acusado es prueba de que la persona coincida con el calibre del arma.,El testigo identificó a la persona acusada.,Los peritos coincidieron sobre el calibre del arma [estado: disputed].
CASE-MX-008,CASE-MX-008-P4 <-> CASE-MX-008-P7,SUPPORTS,False,False,La identificación del acusado por el testigo hace más creíble la convicción del tribunal.,El testigo identificó a la persona acusada.,El tribunal dejó firme conviction.
CASE-MX-008,CASE-MX-008-P5 <-> CASE-MX-008-P6,SUPPORTS,False,False,"La visibilidad identificó el calibre del arma, lo cual coincide con la coincidencia de los peritos.",La visibilidad fue suficiente para identificar en la escena [estado: disputed].,Los peritos coincidieron sobre el calibre del arma [estado: disputed].
CASE-MX-008,CASE-MX-008-P5 <-> CASE-MX-008-P7,SUPPORTS,False,False,La visibilidad identificó la convicción del tribunal.,La visibilidad fue suficiente para identificar en la escena [estado: disputed].,El tribunal dejó firme conviction.
CASE-MX-008,CASE-MX-008-P6 <-> CASE-MX-008-P7,SUPPORTS,False,False,"La conviction es el resultado de la investigación, por lo que respalda la identidad del calibre del arma.",Los peritos coincidieron sobre el calibre del arma [estado: disputed].,El tribunal dejó firme conviction.
